"StartTime","ProcessName","Id","Path"
"11/13/2023 11:07:17 PM","bash","516","C:\Users\sbarrick\AppData\Local\Programs\Git\usr\bin\bash.exe"
"11/13/2023 11:07:17 PM","conhost","4724","C:\Windows\system32\conhost.exe"
,"csrss","400",
,"csrss","504",
"11/13/2023 8:53:55 PM","ctfmon","4344",
"11/14/2023 12:53:16 AM","dllhost","276","C:\Windows\system32\DllHost.exe"
,"dllhost","660",
"11/13/2023 8:54:05 PM","dllhost","3040","C:\Windows\system32\DllHost.exe"
,"dwm","1012",
"11/13/2023 8:53:54 PM","explorer","3164","C:\Windows\Explorer.EXE"
,"fontdrvhost","804",
,"fontdrvhost","812",
"11/13/2023 11:07:17 PM","git-bash","2496","C:\Users\sbarrick\AppData\Local\Programs\Git\git-bash.exe"
,"GoogleCrashHandler","4540",
,"GoogleCrashHandler64","4556",
,"Idle","0",
,"lsass","652",
,"Memory Compression","1556",
"11/13/2023 11:07:17 PM","mintty","1248","C:\Users\sbarrick\AppData\Local\Programs\Git\usr\bin\mintty.exe"
,"msdtc","2972",
,"MsMpEng","2608",
"11/13/2023 10:55:50 PM","MusNotifyIcon","3452","C:\Windows\system32\MusNotifyIcon.exe"
,"NisSrv","4004",
"11/14/2023 12:52:52 AM","powershell_ise","5640","C:\Windows\system32\WindowsPowerShell\v1.0\PowerShell_ISE.exe"
,"Registry","88",
"11/13/2023 8:53:58 PM","RuntimeBroker","2740","C:\Windows\System32\RuntimeBroker.exe"
"11/13/2023 8:54:07 PM","RuntimeBroker","3868","C:\Windows\System32\RuntimeBroker.exe"
"11/13/2023 8:53:59 PM","RuntimeBroker","4648","C:\Windows\System32\RuntimeBroker.exe"
"11/13/2023 8:53:58 PM","SearchUI","2224","C:\Windows\SystemApps\Microsoft.Windows.Cortana_cw5n1h2txyewy\SearchUI.exe"
,"SecurityHealthService","4784",
"11/13/2023 8:54:10 PM","SecurityHealthSystray","4484","C:\Windows\System32\SecurityHealthSystray.exe"
,"services","644",
,"SgrmBroker","4632",
"11/13/2023 8:53:57 PM","ShellExperienceHost","1876","C:\Windows\SystemApps\ShellExperienceHost_cw5n1h2txyewy\ShellExperienceHost.exe"
"11/13/2023 8:53:54 PM","sihost","252","C:\Windows\system32\sihost.exe"
,"smss","304",
,"spoolsv","1792",
,"svchost","496",
,"svchost","764",
,"svchost","784",
,"svchost","832",
,"svchost","900",
,"svchost","904",
,"svchost","952",
,"svchost","1160",
,"svchost","1256",
,"svchost","1340",
,"svchost","1352",
,"svchost","1360",
,"svchost","1368",
"11/13/2023 8:53:54 PM","svchost","1400","C:\Windows\system32\svchost.exe"
,"svchost","1452",
,"svchost","1476",
,"svchost","1484",
,"svchost","1496",
,"svchost","1536",
,"svchost","1636",
,"svchost","1700",
,"svchost","1728",
,"svchost","1804",
"11/13/2023 8:53:54 PM","svchost","1812","C:\Windows\system32\svchost.exe"
,"svchost","1880",
,"svchost","1888",
,"svchost","1956",
,"svchost","2064",
,"svchost","2116",
,"svchost","2248",
,"svchost","2260",
,"svchost","2284",
,"svchost","2368",
,"svchost","2376",
,"svchost","2392",
,"svchost","2412",
,"svchost","2428",
,"svchost","2516",
,"svchost","2652",
,"svchost","2684",
,"svchost","2836",
,"svchost","3488",
,"svchost","3600",
,"svchost","3860",
,"svchost","4108",
"11/13/2023 8:53:56 PM","svchost","4496","C:\Windows\system32\svchost.exe"
,"svchost","4700",
"11/13/2023 8:55:54 PM","svchost","5096","C:\Windows\system32\svchost.exe"
,"System","4",
"11/13/2023 8:53:54 PM","taskhostw","4020","C:\Windows\system32\taskhostw.exe"
,"VGAuthService","2500",
,"vm3dservice","2488",
,"vm3dservice","2752",
,"vm3dservice","3156",
"11/13/2023 8:54:10 PM","vmtoolsd","1652","C:\Program Files\VMware\VMware Tools\vmtoolsd.exe"
,"vmtoolsd","2480",
"11/13/2023 8:55:08 PM","WindowsInternal.ComposableShell.Experiences.TextInput.InputApp","1416","C:\Windows\SystemApps\InputApp_cw5n1h2txyewy\WindowsInternal.ComposableShell.Experiences.TextInput.InputApp.exe"
,"wininit","552",
,"winlogon","568",
,"WmiPrvSE","3100",
