"TaskName","TaskPath","Date","Author","Actions","Triggers","Description","State"
"ProgramDataUpdater","\Microsoft\Windows\Application Experience\","2022-06-19T14:54:35.263-04:00","$(@%SystemRoot%\system32\invagent.dll,-701)","Microsoft.Management.Infrastructure.CimInstance[]",,"$(@%SystemRoot%\system32\invagent.dll,-702)","Disabled"
"Cellular","\Microsoft\Windows\Management\Provisioning\","2022-06-19T14:55:17.74-04:00","$(@%systemRoot%\system32\ProvTool.exe,-101)","Microsoft.Management.Infrastructure.CimInstance[]","Microsoft.Management.Infrastructure.CimInstance[]","$(@%systemRoot%\system32\ProvTool.exe,-102)","Disabled"
"Logon","\Microsoft\Windows\Management\Provisioning\","2022-06-19T14:55:30.638-04:00","$(@%systemRoot%\system32\ProvTool.exe,-101)","Microsoft.Management.Infrastructure.CimInstance[]","Microsoft.Management.Infrastructure.CimInstance[]","$(@%systemRoot%\system32\ProvTool.exe,-102)","Disabled"
"SpaceManagerTask","\Microsoft\Windows\SpacePort\","2022-06-19T14:55:24.062-04:00","$(@%SystemRoot%\system32\spaceman.exe,-2)","Microsoft.Management.Infrastructure.CimInstance[]","Microsoft.Management.Infrastructure.CimInstance[]","$(@%SystemRoot%\system32\spaceman.exe,-3)","Disabled"
