"Name","Version","Vendor","InstallDate","InstallSource","PackageName","LocalPackage"
"Microsoft Visual C++ 2019 X86 Additional Runtime - 14.28.29913","14.28.29913","Microsoft Corporation","20220619","C:\ProgramData\Package Cache\{572DCD10-CF2E-43D1-8151-8BD9AC9086D0}v14.28.29913\packages\vcRuntimeAdditional_x86\","vc_runtimeAdditional_x86.msi","C:\Windows\Installer\46e9f.msi"
"Microsoft Visual C++ 2019 X64 Additional Runtime - 14.28.29913","14.28.29913","Microsoft Corporation","20220619","C:\ProgramData\Package Cache\{620A7633-7A09-42A8-8580-076A4483C4B0}v14.28.29913\packages\vcRuntimeAdditional_amd64\","vc_runtimeAdditional_x64.msi","C:\Windows\Installer\46ea7.msi"
"VMware Tools","11.3.5.18557794","VMware, Inc.","20220619","C:\Program Files\Common Files\VMware\InstallerCache\","{1FF5D624-5515-4343-837A-E54C101573E6}.msi","C:\Windows\Installer\46eaa.msi"
"PuTTY release 0.77 (64-bit)","0.77.0.0","Simon Tatham","20220619","C:\Users\Administrator\Downloads\","putty-64bit-0.77-installer.msi","C:\Windows\Installer\46e97.msi"
"Microsoft Visual C++ 2019 X64 Minimum Runtime - 14.28.29913","14.28.29913","Microsoft Corporation","20220619","C:\ProgramData\Package Cache\{EECDD137-13DA-46ED-ADA0-BDF7F8BE65B8}v14.28.29913\packages\vcRuntimeMinimum_amd64\","vc_runtimeMinimum_x64.msi","C:\Windows\Installer\46ea3.msi"
"Microsoft Visual C++ 2019 X86 Minimum Runtime - 14.28.29913","14.28.29913","Microsoft Corporation","20220619","C:\ProgramData\Package Cache\{6236EBBD-F50F-40B3-B819-8DB0C608308C}v14.28.29913\packages\vcRuntimeMinimum_x86\","vc_runtimeMinimum_x86.msi","C:\Windows\Installer\46e9b.msi"
