"PSComputerName","__GENUS","__CLASS","__SUPERCLASS","__DYNASTY","__RELPATH","__PROPERTY_COUNT","__DERIVATION","__SERVER","__NAMESPACE","__PATH","AccountType","Caption","Description","Disabled","Domain","FullName","InstallDate","LocalAccount","Lockout","Name","PasswordChangeable","PasswordExpires","PasswordRequired","SID","SIDType","Status"
"SYS320","2","Win32_UserAccount","Win32_Account","CIM_ManagedSystemElement","Win32_UserAccount.Domain=""SYS320"",Name=""Administrator""","16","System.String[]","SYS320","root\cimv2","\\SYS320\root\cimv2:Win32_UserAccount.Domain=""SYS320"",Name=""Administrator""","512","SYS320\Administrator","Built-in account for administering the computer/domain","True","SYS320","",,"True","False","Administrator","True","False","True","S-1-5-21-837733282-1996425691-2682565523-500","1","Degraded"
"SYS320","2","Win32_UserAccount","Win32_Account","CIM_ManagedSystemElement","Win32_UserAccount.Domain=""SYS320"",Name=""DefaultAccount""","16","System.String[]","SYS320","root\cimv2","\\SYS320\root\cimv2:Win32_UserAccount.Domain=""SYS320"",Name=""DefaultAccount""","512","SYS320\DefaultAccount","A user account managed by the system.","True","SYS320","",,"True","False","DefaultAccount","True","False","False","S-1-5-21-837733282-1996425691-2682565523-503","1","Degraded"
"SYS320","2","Win32_UserAccount","Win32_Account","CIM_ManagedSystemElement","Win32_UserAccount.Domain=""SYS320"",Name=""Guest""","16","System.String[]","SYS320","root\cimv2","\\SYS320\root\cimv2:Win32_UserAccount.Domain=""SYS320"",Name=""Guest""","512","SYS320\Guest","Built-in account for guest access to the computer/domain","True","SYS320","",,"True","False","Guest","False","False","False","S-1-5-21-837733282-1996425691-2682565523-501","1","Degraded"
"SYS320","2","Win32_UserAccount","Win32_Account","CIM_ManagedSystemElement","Win32_UserAccount.Domain=""SYS320"",Name=""sbarrick""","16","System.String[]","SYS320","root\cimv2","\\SYS320\root\cimv2:Win32_UserAccount.Domain=""SYS320"",Name=""sbarrick""","512","SYS320\sbarrick","","False","SYS320","sbarrick",,"True","False","sbarrick","True","False","True","S-1-5-21-837733282-1996425691-2682565523-1003","1","OK"
"SYS320","2","Win32_UserAccount","Win32_Account","CIM_ManagedSystemElement","Win32_UserAccount.Domain=""SYS320"",Name=""WDAGUtilityAccount""","16","System.String[]","SYS320","root\cimv2","\\SYS320\root\cimv2:Win32_UserAccount.Domain=""SYS320"",Name=""WDAGUtilityAccount""","512","SYS320\WDAGUtilityAccount","A user account managed and used by the system for Windows Defender Application Guard scenarios.","True","SYS320","",,"True","False","WDAGUtilityAccount","True","True","True","S-1-5-21-837733282-1996425691-2682565523-504","1","Degraded"
